source,target,prediction
The patient report severe dyspnea and bilateral lower extremity edema following administration of intravenous furosemide.,The patient reported severe dyspnea and bilateral lower extremity edema following administration of intravenous furosemide.,The patient reports severe dyspnea and bilateral lower extremity edema following the administration of intravenous furosemide.
No signs of cellulitis or necrotizing fasciitis were find during the comprehensive dermatological examination.,No signs of cellulitis or necrotizing fasciitis were found during the comprehensive dermatological examination.,No signs of cellulitis or necrotizing fasciitis were found during the comprehensive dermatological examination.
He is taking metformin hydrochloride and lisinopril since the diagnosis of diabetes mellitus type 2 was established two weeks ago.,He has been taking metformin hydrochloride and lisinopril for two weeks since the diagnosis of diabetes mellitus type 2 was established.,He has been taking metformin hydrochloride and lisinopril since the diagnosis of diabetes mellitus type 2 was established two weeks ago.
Patient not responding to first-line antibiotic therapy with amoxicillin-clavulanate for community-acquired pneumonia.,The patient is not responding to first-line antibiotic therapy with amoxicillin-clavulanate for community-acquired pneumonia.,The patient is not responding to first-line antibiotic therapy with amoxicillin-clavulanate for community-acquired pneumonia.
She have been experiencing chronic fatigue syndrome and fibromyalgia-related myalgia for several months.,She has been experiencing chronic fatigue syndrome and fibromyalgia-related myalgia for several months.,She has been experiencing chronic fatigue syndrome and fibromyalgia-related myalgia for several months.
The surgical wound was irrigated with normal saline and covered on sterile gauze following debridement of necrotic tissue.,The surgical wound was irrigated with normal saline and covered with sterile gauze following debridement of necrotic tissue.,"The surgical wound was irrigated with normal saline, and it was covered by sterile gauze following the debridement of necrotic tissue."
Patient is experiencing severe cephalgia accompanied by photophobia and phonophobia consistent with migraine headache.,The patient is experiencing severe cephalgia accompanied by photophobia and phonophobia consistent with migraine headache.,"The patient is experiencing severe cephalgia, accompanied by photophobia and phonophobia, which is consistent with a migraine headache."
The immunosuppressive therapy with tacrolimus and mycophenolate mofetil is working good for preventing organ rejection.,The immunosuppressive therapy with tacrolimus and mycophenolate mofetil is working well for preventing organ rejection.,The immunosuppressive therapy with tacrolimus and mycophenolate mofetil works well for preventing organ rejection.
There is many cases of methicillin-resistant Staphylococcus aureus reported in the intensive care unit this month.,There are many cases of methicillin-resistant Staphylococcus aureus reported in the intensive care unit this month.,There are many cases of methicillin-resistant Staphylococcus aureus reported in the intensive care unit this month.
The pulmonologist examine the patient for suspected idiopathic pulmonary fibrosis using high-resolution computed tomography.,The pulmonologist examined the patient for suspected idiopathic pulmonary fibrosis using high-resolution computed tomography.,The pulmonologist examines the patient for suspected idiopathic pulmonary fibrosis using high-resolution computed tomography.
He complained from retrosternal chest pain radiating to the left shoulder and associated with diaphoresis.,He complained of retrosternal chest pain radiating to the left shoulder and associated with diaphoresis.,"He complained of retrosternal chest pain that radiated to the left shoulder, and it was associated with diaphoresis."
The contrast-enhanced magnetic resonance imaging scan show a herniated nucleus pulposus at the L4-L5 vertebral level.,The contrast-enhanced magnetic resonance imaging scan showed a herniated nucleus pulposus at the L4-L5 vertebral level.,The contrast-enhanced magnetic resonance imaging scans show a herniated nucleus pulposus at the L4-L5 vertebral level.
Magnetic resonance angiography scan was done to evaluate for cerebral aneurysm and arteriovenous malformation.,A magnetic resonance angiography scan was done to evaluate for cerebral aneurysm and arteriovenous malformation.,A magnetic resonance angiography scan was performed to evaluate for cerebral aneurysms and arteriovenous malformations.
She suffers of chronic neuropathic pain secondary to diabetic peripheral neuropathy affecting bilateral lower extremities.,She suffers from chronic neuropathic pain secondary to diabetic peripheral neuropathy affecting bilateral lower extremities.,"She suffers from chronic neuropathic pain, secondary to diabetic peripheral neuropathy, which affects her bilateral lower extremities."
The laparoscopic cholecystectomy was performed in Monday morning by the hepatobiliary surgical team.,The laparoscopic cholecystectomy was performed on Monday morning by the hepatobiliary surgical team.,The laparoscopic cholecystectomy was performed on Monday morning by the hepatobiliary surgical team.
Orthopedic surgeon advised complete bed rest and elevation of the affected extremity following open reduction internal fixation.,The orthopedic surgeon advised complete bed rest and elevation of the affected extremity following open reduction internal fixation.,"An orthopedic surgeon advised complete bed rest and elevation of the affected extremity, following open reduction and internal fixation."
The registered nurse give the intramuscular injection of vitamin B12 cyanocobalamin in the deltoid muscle.,The registered nurse gave the intramuscular injection of vitamin B12 cyanocobalamin in the deltoid muscle.,The registered nurse gives the intramuscular injection of vitamin B12 (cyanocobalamin) in the deltoid muscle.
He do not take his antihypertensive medications including amlodipine and hydrochlorothiazide regularly as prescribed.,He does not take his antihypertensive medications including amlodipine and hydrochlorothiazide regularly as prescribed.,"He does not take his antihypertensive medications, including amlodipine and hydrochlorothiazide, regularly as prescribed."
The broad-spectrum antibiotic vancomycin was administered on the morning following positive blood culture results.,The broad-spectrum antibiotic vancomycin was administered in the morning following positive blood culture results.,"The broad-spectrum antibiotic vancomycin was administered in the morning, following positive blood culture results."
She were admitted to the coronary care unit yesterday following acute ST-elevation myocardial infarction.,She was admitted to the coronary care unit yesterday following acute ST-elevation myocardial infarction.,"She was admitted to the coronary care unit yesterday, following acute ST-elevation myocardial infarction."
She has nosocomial pneumonia in bilateral lower lobes with pleural effusion and consolidation on chest radiograph.,She has nosocomial pneumonia in the bilateral lower lobes with pleural effusion and consolidation on chest radiograph.,"She has nosocomial pneumonia in both bilateral lower lobes, with pleural effusion and consolidation, on a chest radiograph."
He was discharge in stable condition following successful percutaneous coronary intervention with drug-eluting stent placement.,He was discharged in stable condition following successful percutaneous coronary intervention with drug-eluting stent placement.,"He was discharged in stable condition, following successful percutaneous coronary intervention with drug-eluting stent placement."
Systolic and diastolic blood pressure is in normal range following administration of antihypertensive medication regimen.,The systolic and diastolic blood pressure is in the normal range following administration of antihypertensive medication regimen.,"Systolic and diastolic blood pressures are in the normal range, following administration of an antihypertensive medication regimen."
The patient have pyrexia of 39.2 degrees Celsius accompanied by rigors and profuse diaphoresis.,The patient has pyrexia of 39.2 degrees Celsius accompanied by rigors and profuse diaphoresis.,"The patients have pyrexia of 39.2 degrees Celsius, accompanied by rigors and profuse diaphoresis."
The laboratory results shows significant improvement in hemoglobin A1c levels and fasting glucose concentrations.,The laboratory results show significant improvement in hemoglobin A1c levels and fasting glucose concentrations.,The laboratory results show significant improvement in hemoglobin A1c levels and fasting glucose concentrations.
The gastroenterologist performed endoscopic retrograde cholangiopancreatography to evaluate for choledocholithiasis and pancreatic ductal adenocarcinoma.,The gastroenterologist performed endoscopic retrograde cholangiopancreatography to evaluate for choledocholithiasis and pancreatic ductal adenocarcinoma.,The gastroenterologist performed endoscopic retrograde cholangiopancreatography to evaluate both choledocholithiasis and pancreatic ductal adenocarcinoma.
Echocardiogram demonstrate left ventricular systolic dysfunction with ejection fraction of approximately 35 percent.,Echocardiogram demonstrated left ventricular systolic dysfunction with ejection fraction of approximately 35 percent.,"The echocardiogram demonstrates left ventricular systolic dysfunction, with an ejection fraction of approximately 35%."
The nephrology consult recommend immediate hemodialysis for acute kidney injury with severe uremia and hyperkalemia.,The nephrology consult recommended immediate hemodialysis for acute kidney injury with severe uremia and hyperkalemia.,A nephrology consultant recommends immediate hemodialysis for acute kidney injury with severe uremia and hyperkalemia.
Positron emission tomography scan reveal hypermetabolic activity in mediastinal lymph nodes suggesting possible malignancy.,Positron emission tomography scan revealed hypermetabolic activity in mediastinal lymph nodes suggesting possible malignancy.,"A positron emission tomography scan reveals hypermetabolic activity in mediastinal lymph nodes, suggesting possible malignancy."
The dermatopathology report confirm the diagnosis of basal cell carcinoma with clear surgical margins.,The dermatopathology report confirmed the diagnosis of basal cell carcinoma with clear surgical margins.,The dermatopathology report confirms the diagnosis of basal cell carcinoma with clear surgical margins.
Hematology consultation was arrange for evaluation of pancytopenia and possible myelodysplastic syndrome.,Hematology consultation was arranged for evaluation of pancytopenia and possible myelodysplastic syndrome.,Hematology consultation was arranged for the evaluation of pancytopenia and possible myelodysplastic syndrome.
The ophthalmologist identify diabetic retinopathy with neovascularization requiring immediate panretinal photocoagulation therapy.,The ophthalmologist identified diabetic retinopathy with neovascularization requiring immediate panretinal photocoagulation therapy.,"The ophthalmologist identifies diabetic retinopathy with neovascularization, which requires immediate panretinal photocoagulation therapy"
Patient complain of severe abdominal pain localized to the right lower quadrant consistent with acute appendicitis.,The patient complained of severe abdominal pain localized to the right lower quadrant consistent with acute appendicitis.,"Patients complain of severe abdominal pain, localized to the right lower quadrant, which is consistent with acute appendicitis."
The endocrinologist adjust the insulin dosage following continuous glucose monitoring results and hemoglobin A1c evaluation.,The endocrinologist adjusted the insulin dosage following continuous glucose monitoring results and hemoglobin A1c evaluation.,The endocrinologist adjusts the insulin dosage following continuous glucose monitoring results and a hemoglobin A1c evaluation.
Cardiac catheterization reveal significant three-vessel coronary artery disease requiring urgent coronary artery bypass grafting.,Cardiac catheterization revealed significant three-vessel coronary artery disease requiring urgent coronary artery bypass grafting.,"Cardiac catheterization reveals significant three-vessel coronary artery disease, requiring urgent coronary artery bypass grafting."
The patient experience acute exacerbation of chronic obstructive pulmonary disease with respiratory acidosis and hypercapnia.,The patient experienced acute exacerbation of chronic obstructive pulmonary disease with respiratory acidosis and hypercapnia.,"The patient experienced an acute exacerbation of chronic obstructive pulmonary disease, accompanied by respiratory acidosis and hypercapnia."
Cerebrospinal fluid analysis show elevated white blood cell count and protein levels consistent with bacterial meningitis.,Cerebrospinal fluid analysis showed elevated white blood cell count and protein levels consistent with bacterial meningitis.,"The cerebrospinal fluid analysis shows an elevated white blood cell count and protein levels, which are consistent with bacterial meningitis."
The psychiatrist prescribe sertraline hydrochloride and lorazepam for treatment of major depressive disorder with anxiety.,The psychiatrist prescribed sertraline hydrochloride and lorazepam for treatment of major depressive disorder with anxiety.,"The psychiatrist prescribes sertraline hydrochloride and lorazepam for the treatment of major depressive disorder, including anxiety."
Bone marrow biopsy demonstrate acute lymphoblastic leukemia with Philadelphia chromosome translocation.,Bone marrow biopsy demonstrated acute lymphoblastic leukemia with Philadelphia chromosome translocation.,The bone marrow biopsy demonstrates acute lymphoblastic leukemia with Philadelphia chromosome translocation.
The oncologist recommend combination chemotherapy with carboplatin and paclitaxel for advanced ovarian adenocarcinoma.,The oncologist recommended combination chemotherapy with carboplatin and paclitaxel for advanced ovarian adenocarcinoma.,The oncologist recommends combination chemotherapy with carboplatin and paclitaxel for advanced ovarian adenocarcinoma.
Pulmonary function tests reveal severe restrictive lung disease with decreased forced vital capacity and diffusion capacity.,Pulmonary function tests revealed severe restrictive lung disease with decreased forced vital capacity and diffusion capacity.,"Pulmonary function tests reveal severe restrictive lung disease, with decreased forced vital capacity and diffusion capacity."
The neurologist observe fasciculations and muscle atrophy consistent with amyotrophic lateral sclerosis progression.,The neurologist observed fasciculations and muscle atrophy consistent with amyotrophic lateral sclerosis progression.,The neurologist observes fasciculations and muscle atrophy consistent with amyotrophic lateral sclerosis progression.
Magnetic resonance imaging of the brain show multiple hyperintense lesions in periventricular white matter.,Magnetic resonance imaging of the brain showed multiple hyperintense lesions in periventricular white matter.,Magnetic resonance imaging of the brain shows multiple hyperintense lesions in periventricular white matter.
The rheumatologist diagnose systemic lupus erythematosus based on positive antinuclear antibody and anti-double-stranded DNA levels.,The rheumatologist diagnosed systemic lupus erythematosus based on positive antinuclear antibody and anti-double-stranded DNA levels.,The rheumatologist diagnoses systemic lupus erythematosus based on positive antinuclear antibody and anti-double-stranded DNA levels.
Patient develop acute kidney injury secondary to rhabdomyolysis following prolonged immobilization and dehydration.,The patient developed acute kidney injury secondary to rhabdomyolysis following prolonged immobilization and dehydration.,"Patients develop acute kidney injury secondary to rhabdomyolysis, following prolonged immobilization and dehydration."
The urologist perform transurethral resection of the prostate for benign prostatic hyperplasia causing urinary retention.,The urologist performed transurethral resection of the prostate for benign prostatic hyperplasia causing urinary retention.,"The urologists perform transurethral resections of the prostate for benign prostatic hyperplasia, which can cause urinary retention."
Electromyography and nerve conduction studies confirm the diagnosis of carpal tunnel syndrome with median nerve compression.,Electromyography and nerve conduction studies confirmed the diagnosis of carpal tunnel syndrome with median nerve compression.,Electromyography and nerve conduction studies confirm the diagnosis of carpal tunnel syndrome with median-nerve compression.
The plastic surgeon recommend tissue expander placement followed by autologous breast reconstruction using deep inferior epigastric perforator flap.,The plastic surgeon recommended tissue expander placement followed by autologous breast reconstruction using deep inferior epigastric perforator flap.,"The plastic surgeon recommends tissue expander placement, followed by autologous breast reconstruction, using a deep inferior epigastric perforator flap."
Computed tomography angiography reveal pulmonary embolism in the right lower lobe pulmonary artery with infarction.,Computed tomography angiography revealed pulmonary embolism in the right lower lobe pulmonary artery with infarction.,Computed tomography angiography reveals pulmonary embolism in the right lower lobe pulmonary artery with infarction.
The patient receive intravenous immunoglobulin therapy for treatment of Guillain-Barré syndrome with ascending paralysis.,The patient received intravenous immunoglobulin therapy for treatment of Guillain-Barré syndrome with ascending paralysis.,"The patient receives intravenous immunoglobulin therapy for the treatment of Guillain-Barré syndrome, with ascending paralysis."
Transthoracic echocardiography demonstrate severe aortic stenosis with mean gradient of 45 millimeters of mercury.,Transthoracic echocardiography demonstrated severe aortic stenosis with mean gradient of 45 millimeters of mercury.,Transthoracic echocardiography demonstrates severe aortic stenosis with a mean gradient of 45 millimeters of mercury
The infectious disease specialist recommend intravenous ceftriaxone and vancomycin for treatment of infective endocarditis.,The infectious disease specialist recommended intravenous ceftriaxone and vancomycin for treatment of infective endocarditis.,The infectious disease specialists recommend intravenous ceftriaxone and vancomycin for the treatment of infective endocarditis.
Thyroid function tests show elevated thyroid-stimulating hormone and decreased free thyroxine consistent with hypothyroidism.,Thyroid function tests showed elevated thyroid-stimulating hormone and decreased free thyroxine consistent with hypothyroidism.,"Thyroid function tests show that the levels of thyroid-stimulating hormone are elevated and those of free thyroxine are decreased, which is consistent with hypothyroidism."
The emergency physician diagnose acute coronary syndrome based on elevated troponin levels and electrocardiographic changes.,The emergency physician diagnosed acute coronary syndrome based on elevated troponin levels and electrocardiographic changes.,The emergency physician diagnoses acute coronary syndrome based on elevated troponin levels and electrocardiographic changes.
Liver biopsy specimen reveal hepatocellular carcinoma with moderate differentiation and absence of vascular invasion.,Liver biopsy specimen revealed hepatocellular carcinoma with moderate differentiation and absence of vascular invasion.,"Liver biopsy specimens reveal hepatocellular carcinoma, with moderate differentiation and no vascular invasion."
The anesthesiologist administer general anesthesia with endotracheal intubation for the complex spinal fusion procedure.,The anesthesiologist administered general anesthesia with endotracheal intubation for the complex spinal fusion procedure.,The anesthesiologist administers general anesthesia with endotracheal intubation for the complex spinal fusion procedure.
Fluoroscopic examination show compression fracture of the L2 vertebral body with loss of vertebral height.,Fluoroscopic examination showed compression fracture of the L2 vertebral body with loss of vertebral height.,"A fluoroscopic examination shows a compression fracture of the L2 vertebral body, with loss of vertebral height."
The radiologist report multiple metastatic lesions in the liver parenchyma consistent with colorectal adenocarcinoma spread.,The radiologist reported multiple metastatic lesions in the liver parenchyma consistent with colorectal adenocarcinoma spread.,"The radiologist reports multiple metastatic lesions in the liver parenchyma, consistent with colorectal adenocarcinoma spread."
Arterial blood gas analysis reveal severe metabolic acidosis with compensatory respiratory alkalosis and elevated lactate levels.,Arterial blood gas analysis revealed severe metabolic acidosis with compensatory respiratory alkalosis and elevated lactate levels.,"Arterial blood gas analyses reveal severe metabolic acidosis, with compensatory respiratory alkalosis, and elevated lactate levels."
The pathologist identify invasive ductal carcinoma with estrogen receptor positive and HER2 negative immunohistochemistry results.,The pathologist identified invasive ductal carcinoma with estrogen receptor positive and HER2 negative immunohistochemistry results.,The pathologist identifies invasive ductal carcinoma with estrogen receptor-positive and HER2-negative immunohistochemistry results.
Coronary angiography demonstrate complete occlusion of the left anterior descending artery with collateral circulation formation.,Coronary angiography demonstrated complete occlusion of the left anterior descending artery with collateral circulation formation.,Coronary angiography demonstrates a complete occlusion of the left anterior descending artery with collateral circulation formation.
The patient undergo percutaneous nephrolithotomy for removal of large staghorn calculus in the right renal pelvis.,The patient underwent percutaneous nephrolithotomy for removal of large staghorn calculus in the right renal pelvis.,The patient underwent percutaneous nephrolithotomy for the removal of a large staghorn calculus in the right renal pelvis.
Bronchoscopy with bronchoalveolar lavage reveal Pneumocystis jirovecii pneumonia in the immunocompromised patient.,Bronchoscopy with bronchoalveolar lavage revealed Pneumocystis jirovecii pneumonia in the immunocompromised patient.,Bronchoscopy with bronchoalveolar lavage reveals Pneumocystis jirovecii pneumonia in the immunocompromised patient.
The pediatric cardiologist detect ventricular septal defect with left-to-right shunt and mild pulmonary hypertension.,The pediatric cardiologist detected ventricular septal defect with left-to-right shunt and mild pulmonary hypertension.,The pediatric cardiologist detects ventricular septal defect with a left-to-right shunt and mild pulmonary hypertension.
Electrophysiology study show prolonged QT interval and increased risk for torsades de pointes arrhythmia.,Electrophysiology study showed prolonged QT interval and increased risk for torsades de pointes arrhythmia.,An electrophysiology study shows a prolonged QT interval and increases the risk of torsades de pointes arrhythmias.
The vascular surgeon perform carotid endarterectomy for high-grade stenosis preventing cerebrovascular accident.,The vascular surgeon performed carotid endarterectomy for high-grade stenosis preventing cerebrovascular accident.,The vascular surgeon performs carotid endarterectomy for high-grade stenosis to prevent cerebrovascular accidents.
Magnetic resonance cholangiopancreatography reveal pancreatic ductal dilatation consistent with chronic pancreatitis and exocrine insufficiency.,Magnetic resonance cholangiopancreatography revealed pancreatic ductal dilatation consistent with chronic pancreatitis and exocrine insufficiency.,Magnetic resonance cholangiopancreatography reveals pancreatic ductal dilatation that is consistent with chronic pancreatitis and exocrine insufficiency.
The patient present with acute lymphangitis and cellulitis requiring intravenous antibiotics and surgical drainage.,The patient presented with acute lymphangitis and cellulitis requiring intravenous antibiotics and surgical drainage.,"The patients presented with acute lymphangitis and cellulitis, requiring intravenous antibiotics and surgical drainage."
Colonoscopy examination show multiple adenomatous polyps with high-grade dysplasia requiring endoscopic mucosal resection.,Colonoscopy examination showed multiple adenomatous polyps with high-grade dysplasia requiring endoscopic mucosal resection.,"The colonoscopy examination shows multiple adenomatous polyps with high-grade dysplasia, which require endoscopic mucosal resection."
The otolaryngologist recommend tympanoplasty with ossicular chain reconstruction for chronic otitis media with conductive hearing loss.,The otolaryngologist recommended tympanoplasty with ossicular chain reconstruction for chronic otitis media with conductive hearing loss.,The otolaryngologists recommend tympanoplasty with ossicular chain reconstruction for chronic otitis media with conductive hearing loss.
Patient develop severe thrombocytopenia and neutropenia following chemotherapy with doxorubicin and cyclophosphamide.,The patient developed severe thrombocytopenia and neutropenia following chemotherapy with doxorubicin and cyclophosphamide.,Patients develop severe thrombocytopenia and neutropenia following chemotherapy with doxorubicin and cyclophosphamide.
Duplex ultrasonography reveal deep vein thrombosis in the left popliteal and femoral veins extending proximally.,Duplex ultrasonography revealed deep vein thrombosis in the left popliteal and femoral veins extending proximally.,"Duplex ultrasonography reveals deep vein thrombosis in the left popliteal and femoral veins, extending proximally."
The thoracic surgeon perform video-assisted thoracoscopic surgery for spontaneous pneumothorax with persistent air leak.,The thoracic surgeon performed video-assisted thoracoscopic surgery for spontaneous pneumothorax with persistent air leak.,The thoracic surgeons perform video-assisted thoracoscopic surgery for spontaneous pneumothoraces with persistent air leaks.
Comprehensive metabolic panel show severe hyponatremia and hyperkalemia requiring immediate electrolyte correction.,Comprehensive metabolic panel showed severe hyponatremia and hyperkalemia requiring immediate electrolyte correction.,"A comprehensive metabolic panel shows severe hyponatremia and hyperkalemia, requiring immediate electrolyte correction."
The geneticist identify BRCA1 mutation increasing susceptibility to hereditary breast and ovarian cancer syndrome.,The geneticist identified BRCA1 mutation increasing susceptibility to hereditary breast and ovarian cancer syndrome.,"The geneticist identifies a BRCA1 mutation, which increases the susceptibility to hereditary breast and ovarian cancer syndrome."
Polysomnography study demonstrate severe obstructive sleep apnea with oxygen desaturation and frequent arousals.,Polysomnography study demonstrated severe obstructive sleep apnea with oxygen desaturation and frequent arousals.,"Polysomnography studies demonstrate severe obstructive sleep apnea, with oxygen desaturation and frequent arousals."
The interventional radiologist perform percutaneous transhepatic cholangiography for evaluation of biliary obstruction.,The interventional radiologist performed percutaneous transhepatic cholangiography for evaluation of biliary obstruction.,The interventional radiologists perform percutaneous transhepatic cholangiography for the evaluation of biliary obstruction.
Esophagogastroduodenoscopy reveal grade C esophagitis with Barrett's metaplasia and intestinal dysplasia.,Esophagogastroduodenoscopy revealed grade C esophagitis with Barrett's metaplasia and intestinal dysplasia.,"Esophagogastroduodenoscopy reveals a grade C esophagitis, with Barrett's metaplasia and intestinal dysplasia."
Patient complain of progressive dysphagia and odynophagia suggestive of esophageal carcinoma with mediastinal invasion.,The patient complained of progressive dysphagia and odynophagia suggestive of esophageal carcinoma with mediastinal invasion.,"Patients complain of progressive dysphagia and odynophagia, suggestive of esophageal carcinoma with mediastinal invasion."
The maxillofacial surgeon recommend mandibular reconstruction using fibular free flap following tumor resection.,The maxillofacial surgeon recommended mandibular reconstruction using fibular free flap following tumor resection.,The maxillofacial surgeon recommends mandibular reconstruction using a fibular free flap following tumor resection.
Immunofluorescence microscopy show linear IgA deposition consistent with bullous pemphigoid autoimmune blistering disease.,Immunofluorescence microscopy showed linear IgA deposition consistent with bullous pemphigoid autoimmune blistering disease.,"Immunofluorescence microscopy shows linear IgA deposition, consistent with bullous pemphigoid autoimmune blistering disease."
The perinatologist detect oligohydramnios and intrauterine growth restriction during third-trimester ultrasound examination.,The perinatologist detected oligohydramnios and intrauterine growth restriction during third-trimester ultrasound examination.,The perinatologist detects oligohydramnios and intrauterine growth restriction during a third-trimester ultrasound examination.
Slit-lamp examination reveal anterior uveitis with keratic precipitates and posterior synechiae formation.,Slit-lamp examination revealed anterior uveitis with keratic precipitates and posterior synechiae formation.,Slit-lamp examination reveals anterior uveitis with keratic precipitates and posterior synechiae formation.
Patient experience acute hemolytic transfusion reaction following incompatible blood product administration.,The patient experienced acute hemolytic transfusion reaction following incompatible blood product administration.,The patient experienced an acute hemolytic transfusion reaction following the administration of an incompatible blood product.
The dermatologist diagnose melanoma in situ with irregular borders and asymmetric pigmentation patterns.,The dermatologist diagnosed melanoma in situ with irregular borders and asymmetric pigmentation patterns.,The dermatologist diagnoses melanoma in situ with irregular borders and asymmetric pigmentation patterns.
Holter monitoring show paroxysmal atrial fibrillation with rapid ventricular response and prolonged RR intervals.,Holter monitoring showed paroxysmal atrial fibrillation with rapid ventricular response and prolonged RR intervals.,Holter monitoring shows paroxysmal atrial fibrillation with a rapid ventricular response and prolonged R-R intervals.
The pediatric endocrinologist adjust growth hormone replacement therapy based on insulin-like growth factor levels.,The pediatric endocrinologist adjusted growth hormone replacement therapy based on insulin-like growth factor levels.,The pediatric endocrinologist adjusts growth hormone replacement therapy based on insulin-like growth factor levels.
Computed tomography of the chest demonstrate cavitary lesions consistent with pulmonary tuberculosis infection.,Computed tomography of the chest demonstrated cavitary lesions consistent with pulmonary tuberculosis infection.,Computed tomography of the chest demonstrates cavitary lesions consistent with pulmonary tuberculosis infection.
Patient require emergency cricothyrotomy for severe laryngeal edema and impending respiratory failure.,The patient required emergency cricothyrotomy for severe laryngeal edema and impending respiratory failure.,Patients require emergency cricothyrotomy for severe laryngeal edema and impending respiratory failure.
The reproductive endocrinologist recommend in vitro fertilization with preimplantation genetic testing.,The reproductive endocrinologist recommended in vitro fertilization with preimplantation genetic testing.,The reproductive endocrinologists recommend in vitro fertilization with preimplantation genetic testing.
Fundoscopic examination show papilledema and flame-shaped hemorrhages consistent with malignant hypertensive retinopathy.,Fundoscopic examination showed papilledema and flame-shaped hemorrhages consistent with malignant hypertensive retinopathy.,"A fundoscopic examination shows papilledema and flame-shaped hemorrhages, which are consistent with malignant hypertensive retinopathy."
The hand surgeon perform tendon transfer and joint arthrodesis for severe rheumatoid arthritis deformities.,The hand surgeon performed tendon transfer and joint arthrodesis for severe rheumatoid arthritis deformities.,The hand surgeons perform tendon transfers and joint arthrodesises for severe rheumatoid arthritis deformities.
Electrocorticography reveal epileptogenic focus in the left temporal lobe requiring surgical resection.,Electrocorticography revealed epileptogenic focus in the left temporal lobe requiring surgical resection.,"Electrocorticography reveals an epileptogenic focus in the left temporal lobe, requiring surgical resection."
Patient develop Stevens-Johnson syndrome following administration of phenytoin and carbamazepine anticonvulsants.,The patient developed Stevens-Johnson syndrome following administration of phenytoin and carbamazepine anticonvulsants.,Patients developed Stevens-Johnson syndrome following the administration of phenytoin and carbamazepine anticonvulsants.
The radiation oncologist recommend intensity-modulated radiation therapy for locally advanced prostate adenocarcinoma.,The radiation oncologist recommended intensity-modulated radiation therapy for locally advanced prostate adenocarcinoma.,The radiation oncologists recommend intensity-modulated radiation therapy for locally advanced prostate adenocarcinoma.
Ankle-brachial index demonstrate severe peripheral arterial disease with claudication symptoms and tissue ischemia.,Ankle-brachial index demonstrated severe peripheral arterial disease with claudication symptoms and tissue ischemia.,"The ankle-brachial index demonstrates severe peripheral arterial disease, characterized by claudication symptoms and tissue ischemia."
The critical care physician initiate continuous renal replacement therapy for acute kidney injury with fluid overload.,The critical care physician initiated continuous renal replacement therapy for acute kidney injury with fluid overload.,The critical care physician initiates continuous renal replacement therapy for acute kidney injury with fluid overload
Spirometry testing show severe obstructive pattern with reduced forced expiratory volume in one second.,Spirometry testing showed severe obstructive pattern with reduced forced expiratory volume in one second.,"Spirometry testing shows a severe obstructive pattern, with reduced forced expiratory volume in one second."
Patient undergo stereotactic radiosurgery using gamma knife for arteriovenous malformation in eloquent brain regions.,The patient underwent stereotactic radiosurgery using gamma knife for arteriovenous malformation in eloquent brain regions.,Patients undergo stereotactic radiosurgery using a gamma knife for the treatment of arteriovenous malformations in eloquent brain regions.
The maternal-fetal medicine specialist detect fetal hydrops and chromosomal abnormalities on detailed ultrasound.,The maternal-fetal medicine specialist detected fetal hydrops and chromosomal abnormalities on detailed ultrasound.,The maternal-fetal medicine specialist detects fetal hydrops and chromosomal abnormalities on detailed ultrasound.
Intraoperative frozen section analysis confirm clear margins during breast-conserving surgery for invasive lobular carcinoma.,Intraoperative frozen section analysis confirmed clear margins during breast-conserving surgery for invasive lobular carcinoma.,Intraoperative frozen-section analysis confirms clear margins during breast-conserving surgery for invasive lobular carcinoma.
The pain management physician perform epidural steroid injection for lumbar radiculopathy with neurogenic claudication.,The pain management physician performed epidural steroid injection for lumbar radiculopathy with neurogenic claudication.,The pain management physicians perform epidural steroid injections for lumbar radiculopathy with neurogenic claudication.
Positron emission tomography-computed tomography scan show hypermetabolic lymphadenopathy consistent with lymphoma recurrence.,Positron emission tomography-computed tomography scan showed hypermetabolic lymphadenopathy consistent with lymphoma recurrence.,Positron emission tomography-computed tomography scans show hypermetabolic lymphadenopathy consistent with lymphoma recurrence.
Patient experience anaphylactic shock following penicillin administration requiring immediate epinephrine and corticosteroid therapy.,The patient experienced anaphylactic shock following penicillin administration requiring immediate epinephrine and corticosteroid therapy.,"Patients experience anaphylactic shock following penicillin administration, which requires immediate epinephrine and corticosteroid therapy."
The pediatric neurologist diagnose Duchenne muscular dystrophy based on elevated creatine kinase and genetic testing.,The pediatric neurologist diagnosed Duchenne muscular dystrophy based on elevated creatine kinase and genetic testing.,The pediatric neurologist diagnoses Duchenne muscular dystrophy based on elevated creatine kinase and genetic testing.
Transesophageal echocardiography reveal mitral valve prolapse with severe regurgitation and left atrial enlargement.,Transesophageal echocardiography revealed mitral valve prolapse with severe regurgitation and left atrial enlargement.,Transesophageal echocardiography reveals mitral valve prolapse with severe regurgitation and left atrial enlargement.
The transplant surgeon evaluate living donor kidney transplantation for end-stage renal disease secondary to polycystic kidney disease.,The transplant surgeon evaluated living donor kidney transplantation for end-stage renal disease secondary to polycystic kidney disease.,The transplant surgeon evaluates living donor kidney transplantation for end-stage renal disease secondary to polycystic kidney disease.
Nerve conduction velocity studies show demyelinating polyneuropathy consistent with Charcot-Marie-Tooth disease.,Nerve conduction velocity studies showed demyelinating polyneuropathy consistent with Charcot-Marie-Tooth disease.,Nerve conduction velocity studies show that the findings are consistent with Charcot-Marie-Tooth disease.
Patient develop tumor lysis syndrome following initiation of chemotherapy for acute lymphoblastic leukemia.,The patient developed tumor lysis syndrome following initiation of chemotherapy for acute lymphoblastic leukemia.,Patients develop tumour lysis syndrome following the initiation of chemotherapy for acute lymphoblastic leukaemia.
The orthopedic oncologist recommend wide local excision with limb salvage for osteosarcoma of the distal femur.,The orthopedic oncologist recommended wide local excision with limb salvage for osteosarcoma of the distal femur.,The orthopedic oncologist recommends wide local excision with limb salvage for osteosarcoma of the distal femur.
Magnetic resonance spectroscopy demonstrate reduced N-acetylaspartate levels consistent with neuronal loss and gliosis.,Magnetic resonance spectroscopy demonstrated reduced N-acetylaspartate levels consistent with neuronal loss and gliosis.,"Magnetic resonance spectroscopy demonstrates reduced N-acetylaspartate levels, consistent with neuronal loss and gliosis."
The emergency medicine physician diagnose aortic dissection based on computed tomography angiography findings.,The emergency medicine physician diagnosed aortic dissection based on computed tomography angiography findings.,The emergency medicine physician diagnoses aortic dissection based on computed tomography angiography findings.
Single-photon emission computed tomography show decreased cerebral blood flow in the watershed distribution territories.,Single-photon emission computed tomography showed decreased cerebral blood flow in the watershed distribution territories.,Single-photon emission computed tomography shows decreased cerebral blood flow in the watershed distribution territories.
Patient require intracranial pressure monitoring following traumatic brain injury with subdural hematoma evacuation.,The patient required intracranial pressure monitoring following traumatic brain injury with subdural hematoma evacuation.,Patients require intracranial pressure monitoring following traumatic brain injury with subdural hematoma evacuation.
The hepatobiliary surgeon perform pancreaticoduodenectomy for adenocarcinoma of the pancreatic head with biliary obstruction.,The hepatobiliary surgeon performed pancreaticoduodenectomy for adenocarcinoma of the pancreatic head with biliary obstruction.,The hepatobiliary surgeons perform pancreaticoduodenectomies for adenocarcinomas of the pancreatic head with biliary obstruction.
Flow cytometry analysis reveal clonal B-cell population consistent with chronic lymphocytic leukemia diagnosis.,Flow cytometry analysis revealed clonal B-cell population consistent with chronic lymphocytic leukemia diagnosis.,Flow cytometry analysis reveals a clonal B-cell population that is consistent with a chronic lymphocytic leukemia diagnosis
The interventional cardiologist perform percutaneous mitral valve repair using MitraClip device for severe mitral regurgitation.,The interventional cardiologist performed percutaneous mitral valve repair using MitraClip device for severe mitral regurgitation.,The interventional cardiologists perform percutaneous mitral valve repairs using the MitraClip device for severe mitral regurgitation.
Cystoscopy examination show transitional cell carcinoma of the bladder with muscle invasion requiring radical cystectomy.,Cystoscopy examination showed transitional cell carcinoma of the bladder with muscle invasion requiring radical cystectomy.,"The cystoscopy examination shows a transitional cell carcinoma of the bladder with muscle invasion, which requires radical cystectomy."
Patient develop diabetic ketoacidosis with severe dehydration and electrolyte imbalances requiring intensive care management.,The patient developed diabetic ketoacidosis with severe dehydration and electrolyte imbalances requiring intensive care management.,"Patients develop diabetic ketoacidosis with severe dehydration and electrolyte imbalances, requiring intensive care management."
The forensic pathologist identify blunt force trauma to the head with subdural hemorrhage and cerebral contusions.,The forensic pathologist identified blunt force trauma to the head with subdural hemorrhage and cerebral contusions.,The forensic pathologist identifies blunt force trauma to the head with subdural haemorrhage and cerebral contusions.
Endomyocardial biopsy specimen reveal lymphocytic myocarditis with focal necrosis and inflammatory cell infiltration.,Endomyocardial biopsy specimen revealed lymphocytic myocarditis with focal necrosis and inflammatory cell infiltration.,"Endomyocardial biopsy specimens reveal lymphocytic myocarditis, with focal necrosis and inflammatory cell infiltration."
The pediatric surgeon recommend laparoscopic fundoplication for severe gastroesophageal reflux disease with failure to thrive.,The pediatric surgeon recommended laparoscopic fundoplication for severe gastroesophageal reflux disease with failure to thrive.,The pediatric surgeon recommends laparoscopic fundoplication for severe gastroesophageal reflux disease with failure to thrive.
Electronystagmography testing show bilateral vestibular hypofunction consistent with aminoglycoside ototoxicity.,Electronystagmography testing showed bilateral vestibular hypofunction consistent with aminoglycoside ototoxicity.,"Electronystagmography testing shows bilateral vestibular hypofunction, which is consistent with aminoglycoside ototoxicity."
Patient experience massive pulmonary embolism requiring emergency pulmonary embolectomy and cardiopulmonary bypass.,The patient experienced massive pulmonary embolism requiring emergency pulmonary embolectomy and cardiopulmonary bypass.,"The patient experienced a massive pulmonary embolism, which required an emergency pulmonary embolectomy and cardiopulmonary bypass."
The clinical pharmacologist adjust warfarin dosing based on CYP2C9 and VKORC1 genetic polymorphism testing results.,The clinical pharmacologist adjusted warfarin dosing based on CYP2C9 and VKORC1 genetic polymorphism testing results.,The clinical pharmacologist adjusts warfarin dosing based on CYP2C9 and VKORC1 genetic polymorphism testing results.
Capsule endoscopy reveal multiple small bowel ulcerations consistent with Crohn's disease affecting the terminal ileum.,Capsule endoscopy revealed multiple small bowel ulcerations consistent with Crohn's disease affecting the terminal ileum.,Capsule endoscopy reveals multiple small bowel ulcerations consistent with Crohn's disease affecting the terminal ileum.
The neurosurgeon perform awake craniotomy with intraoperative cortical mapping for glioma resection near eloquent areas.,The neurosurgeon performed awake craniotomy with intraoperative cortical mapping for glioma resection near eloquent areas.,The neurosurgeon performs awake craniotomy with intraoperative cortical mapping for glioma resection near eloquent areas.
Technetium-99m bone scintigraphy show increased uptake consistent with osteoblastic metastases from prostate carcinoma.,Technetium-99m bone scintigraphy showed increased uptake consistent with osteoblastic metastases from prostate carcinoma.,"Technetium-99m bone scintigraphy shows increased uptake, consistent with osteoblastic metastases from prostate carcinoma."
Patient develop acute respiratory distress syndrome following aspiration pneumonia and require mechanical ventilation support.,The patient developed acute respiratory distress syndrome following aspiration pneumonia and required mechanical ventilation support.,Patients develop acute respiratory distress syndrome following aspiration pneumonia and require mechanical ventilation support.
The neonatologist diagnose respiratory distress syndrome in preterm infant requiring surfactant replacement therapy.,The neonatologist diagnosed respiratory distress syndrome in preterm infant requiring surfactant replacement therapy.,The neonatologists diagnose respiratory distress syndrome in preterm infants requiring surfactant replacement therapy.
Cardiac magnetic resonance imaging demonstrate myocardial fibrosis and delayed gadolinium enhancement patterns.,Cardiac magnetic resonance imaging demonstrated myocardial fibrosis and delayed gadolinium enhancement patterns.,Cardiac magnetic resonance imaging demonstrates myocardial fibrosis and delayed gadolinium enhancement patterns.
The addiction medicine specialist recommend methadone maintenance therapy for opioid use disorder treatment.,The addiction medicine specialist recommended methadone maintenance therapy for opioid use disorder treatment.,The addiction medicine specialists recommend methadone maintenance therapy for the treatment of opioid use disorders.
Lumbar puncture analysis show elevated opening pressure and lymphocytic pleocytosis consistent with viral meningitis.,Lumbar puncture analysis showed elevated opening pressure and lymphocytic pleocytosis consistent with viral meningitis.,"Lumbar puncture analysis shows elevated opening pressure and lymphocytic pleocytosis, consistent with viral meningitis."
Patient undergo emergency fasciotomy for compartment syndrome following tibial fracture and vascular injury.,The patient underwent emergency fasciotomy for compartment syndrome following tibial fracture and vascular injury.,The patient undergoes an emergency fasciotomy for compartment syndrome following a tibial fracture and vascular injury.
The gynecologic oncologist perform radical hysterectomy with pelvic lymphadenectomy for cervical adenocarcinoma.,The gynecologic oncologist performed radical hysterectomy with pelvic lymphadenectomy for cervical adenocarcinoma.,The gynecologic oncologists perform radical hysterectomies with pelvic lymphadenectomies for cervical adenocarcinomas.
Electroencephalography monitoring show continuous seizure activity consistent with nonconvulsive status epilepticus.,Electroencephalography monitoring showed continuous seizure activity consistent with nonconvulsive status epilepticus.,Electroencephalography monitoring shows continuous seizure activity consistent with nonconvulsive status epilepticus.
The wound care specialist recommend negative pressure wound therapy for chronic diabetic foot ulcer with osteomyelitis.,The wound care specialist recommended negative pressure wound therapy for chronic diabetic foot ulcer with osteomyelitis.,The wound care specialists recommend negative pressure wound therapy for chronic diabetic foot ulcers with osteomyelitis.
Computed tomography urography reveal ureteral stricture and hydronephrosis requiring percutaneous nephrostomy placement.,Computed tomography urography revealed ureteral stricture and hydronephrosis requiring percutaneous nephrostomy placement.,"Computed tomography urography reveals ureteral strictures and hydronephrosis, which require percutaneous nephrostomy placement."
Patient experience hypertensive emergency with acute kidney injury and encephalopathy requiring immediate blood pressure reduction.,The patient experienced hypertensive emergency with acute kidney injury and encephalopathy requiring immediate blood pressure reduction.,"A patient experienced a hypertensive emergency with acute kidney injury and encephalopathy, requiring immediate blood pressure reduction."
The sports medicine physician diagnose anterior cruciate ligament rupture with meniscal tear requiring arthroscopic reconstruction.,The sports medicine physician diagnosed anterior cruciate ligament rupture with meniscal tear requiring arthroscopic reconstruction.,The sports medicine physician diagnoses anterior cruciate ligament ruptures with meniscal tears requiring arthroscopic reconstructions
Immunohistochemistry staining show positive cytokeratin and negative vimentin consistent with epithelial tumor origin.,Immunohistochemistry staining showed positive cytokeratin and negative vimentin consistent with epithelial tumor origin.,"Immunohistochemistry staining shows positive cytokeratin and negative vimentin, consistent with an epithelial tumor origin."
The palliative care specialist adjust opioid analgesics for breakthrough pain management in terminal cancer patient.,The palliative care specialist adjusted opioid analgesics for breakthrough pain management in terminal cancer patient.,The palliative care specialist adjusts opioid analgesics for breakthrough pain management in terminal cancer patients.
Ventilation-perfusion scan demonstrate high probability for pulmonary embolism with multiple segmental defects.,Ventilation-perfusion scan demonstrated high probability for pulmonary embolism with multiple segmental defects.,A ventilation-perfusion scan demonstrates a high probability for pulmonary embolism with multiple segmental defects.
Patient develop post-operative ileus following abdominal surgery requiring nasogastric decompression and prokinetic agents.,The patient developed post-operative ileus following abdominal surgery requiring nasogastric decompression and prokinetic agents.,"Patients develop post-operative ileus following abdominal surgery, requiring nasogastric decompression and prokinetic agents."
The pediatric hematologist diagnose sickle cell disease with vaso-occlusive crisis requiring exchange transfusion therapy.,The pediatric hematologist diagnosed sickle cell disease with vaso-occlusive crisis requiring exchange transfusion therapy.,The pediatric hematologist diagnoses sickle cell disease with vaso-occlusive crises requiring exchange transfusion therapy.
Optical coherence tomography reveal macular edema and epiretinal membrane requiring vitreoretinal surgical intervention.,Optical coherence tomography revealed macular edema and epiretinal membrane requiring vitreoretinal surgical intervention.,"Optical coherence tomography reveals macular edema and epiretinal membrane, which require vitreoretinal surgical intervention."
The infectious disease consultant recommend combination antifungal therapy for invasive aspergillosis in immunocompromised host.,The infectious disease consultant recommended combination antifungal therapy for invasive aspergillosis in immunocompromised host.,The infectious disease consultants recommend a combination antifungal therapy for invasive aspergillosis in immunocompromised hosts.
Ambulatory blood pressure monitoring show nocturnal hypertension with loss of normal circadian rhythm patterns.,Ambulatory blood pressure monitoring showed nocturnal hypertension with loss of normal circadian rhythm patterns.,Ambulatory blood pressure monitoring shows nocturnal hypertension with a loss of normal circadian rhythm patterns.
Patient undergo balloon valvuloplasty for severe aortic stenosis in high-risk surgical candidate with multiple comorbidities.,The patient underwent balloon valvuloplasty for severe aortic stenosis in high-risk surgical candidate with multiple comorbidities.,Patients undergo balloon valvuloplasty for severe aortic stenosis in high-risk surgical candidates with multiple comorbidities.
The medical geneticist identify chromosomal translocation associated with Philadelphia chromosome-positive acute lymphoblastic leukemia.,The medical geneticist identified chromosomal translocation associated with Philadelphia chromosome-positive acute lymphoblastic leukemia.,The medical geneticist identifies chromosomal translocations associated with Philadelphia chromosome-positive acute lymphoblastic leukemia.
Magnetic resonance enterography demonstrate small bowel strictures and fistulous tracts consistent with complicated Crohn's disease.,Magnetic resonance enterography demonstrated small bowel strictures and fistulous tracts consistent with complicated Crohn's disease.,"Magnetic resonance enterography demonstrates small bowel strictures and fistulous tracts, which are consistent with complicated Crohn's disease."
The occupational therapist recommend adaptive equipment and environmental modifications for activities of daily living.,The occupational therapist recommended adaptive equipment and environmental modifications for activities of daily living.,The occupational therapists recommend adaptive equipment and environmental modifications for activities of daily living.
Intraoperative electrophysiology monitoring show compound muscle action potential changes during spinal deformity correction surgery.,Intraoperative electrophysiology monitoring showed compound muscle action potential changes during spinal deformity correction surgery.,Intraoperative electrophysiology monitoring shows compound muscle action potential changes during spinal deformity correction surgery.
Patient experience acute graft-versus-host disease following allogeneic hematopoietic stem cell transplantation.,The patient experienced acute graft-versus-host disease following allogeneic hematopoietic stem cell transplantation.,Patients experience acute graft-versus-host disease following allogeneic hematopoietic stem cell transplantation.
The burn surgeon perform autologous skin grafting for full-thickness burns covering twenty percent body surface area.,The burn surgeon performed autologous skin grafting for full-thickness burns covering twenty percent body surface area.,The burn surgeons perform autologous skin grafting for full-thickness burns that cover twenty percent of the body's surface area.
Thyroid ultrasound examination show heterogeneous nodules with microcalcifications requiring fine needle aspiration biopsy.,Thyroid ultrasound examination showed heterogeneous nodules with microcalcifications requiring fine needle aspiration biopsy.,"The thyroid ultrasound examination shows heterogeneous nodules with microcalcifications, which require a fine-needle aspiration biopsy."
The maternal-fetal medicine physician detect twin-to-twin transfusion syndrome requiring laser photocoagulation therapy.,The maternal-fetal medicine physician detected twin-to-twin transfusion syndrome requiring laser photocoagulation therapy.,"The maternal-fetal medicine physician detects twin-to-twin transfusion syndrome, which requires laser photocoagulation therapy."
Coagulation studies reveal prolonged prothrombin time and activated partial thromboplastin time with factor deficiencies.,Coagulation studies revealed prolonged prothrombin time and activated partial thromboplastin time with factor deficiencies.,Coagulation studies reveal that prolonged prothrombin times and activated partial thromboplastin times are seen with factor deficiencies.
Patient develop contrast-induced nephropathy following cardiac catheterization with iodinated contrast material administration.,The patient developed contrast-induced nephropathy following cardiac catheterization with iodinated contrast material administration.,Patients develop contrast-induced nephropathy following cardiac catheterization with the administration of iodinated contrast material.
The pediatric pulmonologist recommend bronchoscopy with bronchoalveolar lavage for persistent pneumonia in immunocompromised child.,The pediatric pulmonologist recommended bronchoscopy with bronchoalveolar lavage for persistent pneumonia in immunocompromised child.,The pediatric pulmonologists recommend bronchoscopy with bronchoalveolar lavage for persistent pneumonia in an immunocompromised child.
Endoscopic ultrasound demonstrate pancreatic mass with regional lymphadenopathy requiring endoscopic ultrasound-guided fine needle aspiration.,Endoscopic ultrasound demonstrated pancreatic mass with regional lymphadenopathy requiring endoscopic ultrasound-guided fine needle aspiration.,"Endoscopic ultrasound demonstrates a pancreatic mass with regional lymphadenopathy, which requires endoscopic ultrasound-guided fine-needle aspiration."
The nuclear medicine physician perform parathyroid scintigraphy for localization of adenomatous tissue prior to surgical resection.,The nuclear medicine physician performed parathyroid scintigraphy for localization of adenomatous tissue prior to surgical resection.,The nuclear medicine physicians perform parathyroid scintigraphy for the localization of adenomatous tissue prior to surgical resection.
Molecular cytogenetics analysis show complex karyotype abnormalities consistent with high-risk myelodysplastic syndrome.,Molecular cytogenetics analysis showed complex karyotype abnormalities consistent with high-risk myelodysplastic syndrome.,Molecular cytogenetic analysis shows complex karyotype abnormalities consistent with high-risk myelodysplastic syndrome.
Patient require extracorporeal membrane oxygenation support for severe acute respiratory distress syndrome with refractory hypoxemia.,The patient required extracorporeal membrane oxygenation support for severe acute respiratory distress syndrome with refractory hypoxemia.,Patients require extracorporeal membrane oxygenation support for severe acute respiratory distress syndrome with refractory hypoxemia.
The transplant hepatologist evaluate liver transplantation candidacy for decompensated cirrhosis with hepatocellular carcinoma.,The transplant hepatologist evaluated liver transplantation candidacy for decompensated cirrhosis with hepatocellular carcinoma.,The transplant hepatologist evaluates liver transplantation candidacy for decompensated cirrhosis with hepatocellular carcinoma.
Electromyography study show neurogenic changes consistent with motor neuron disease and progressive muscle denervation.,Electromyography study showed neurogenic changes consistent with motor neuron disease and progressive muscle denervation.,An electromyography study shows neurogenic changes consistent with motor neuron disease and progressive muscle denervation.
The pediatric cardiothoracic surgeon recommend arterial switch operation for transposition of the great arteries.,The pediatric cardiothoracic surgeon recommended arterial switch operation for transposition of the great arteries.,The pediatric cardiothoracic surgeon recommends an arterial switch operation for transposition of the great arteries.
Indium-111 leukocyte scintigraphy reveal active inflammatory process consistent with prosthetic joint infection.,Indium-111 leukocyte scintigraphy revealed active inflammatory process consistent with prosthetic joint infection.,Indium-111 leukocyte scintigraphy reveals an active inflammatory process consistent with prosthetic joint infection.
Patient undergo percutaneous balloon mitral commissurotomy for rheumatic mitral stenosis with favorable valve morphology.,The patient underwent percutaneous balloon mitral commissurotomy for rheumatic mitral stenosis with favorable valve morphology.,Patients undergo percutaneous balloon mitral commissurotomy for rheumatic mitral stenosis with favourable valve morphology.
The geriatrician assess cognitive function using standardized neuropsychological testing and cerebrospinal fluid biomarkers.,The geriatrician assessed cognitive function using standardized neuropsychological testing and cerebrospinal fluid biomarkers.,The geriatrician assesses cognitive function using standardized neuropsychological testing and cerebrospinal fluid biomarkers.
Fluorodeoxyglucose positron emission tomography show increased metabolic activity consistent with viable myocardium.,Fluorodeoxyglucose positron emission tomography showed increased metabolic activity consistent with viable myocardium.,Fluorodeoxyglucose positron emission tomography shows increased metabolic activity consistent with viable myocardium.
The pediatric nephrologist diagnose autosomal recessive polycystic kidney disease with hepatic fibrosis and portal hypertension.,The pediatric nephrologist diagnosed autosomal recessive polycystic kidney disease with hepatic fibrosis and portal hypertension.,The pediatric nephrologist diagnoses autosomal recessive polycystic kidney disease with hepatic fibrosis and portal hypertension.
Histopathological examination reveal chronic active hepatitis with bridging fibrosis and interface hepatitis features.,Histopathological examination revealed chronic active hepatitis with bridging fibrosis and interface hepatitis features.,The histopathological examination reveals chronic active hepatitis with bridging fibrosis and interface hepatitis features.
Patient experience delayed graft function following deceased donor kidney transplantation requiring temporary dialysis support.,The patient experienced delayed graft function following deceased donor kidney transplantation requiring temporary dialysis support.,"Patients' experience was delayed due to graft dysfunction following deceased donor kidney transplantation, which required temporary dialysis support."
The interventional neuroradiologist perform mechanical thrombectomy for acute ischemic stroke with large vessel occlusion.,The interventional neuroradiologist performed mechanical thrombectomy for acute ischemic stroke with large vessel occlusion.,The interventional neuroradiologists perform mechanical thrombectomies for acute ischemic strokes with large vessel occlusions.
Bone densitometry study show severe osteoporosis with increased fracture risk requiring bisphosphonate therapy initiation.,Bone densitometry study showed severe osteoporosis with increased fracture risk requiring bisphosphonate therapy initiation.,"A bone densitometry study shows severe osteoporosis with an increased fracture risk, requiring the initiation of bisphosphonate therapy."
The pediatric gastroenterologist recommend elemental formula feeding for short gut syndrome with malabsorption.,The pediatric gastroenterologist recommended elemental formula feeding for short gut syndrome with malabsorption.,The pediatric gastroenterologists recommend elemental formula feeding for short-gut syndrome with malabsorption.
Sestamibi myocardial perfusion imaging demonstrate reversible ischemia in the left anterior descending artery territory.,Sestamibi myocardial perfusion imaging demonstrated reversible ischemia in the left anterior descending artery territory.,Sestamibi myocardial perfusion imaging demonstrates reversible ischemia in the left anterior descending artery territory.
"Patient develop severe preeclampsia with hemolysis, elevated liver enzymes, and low platelet syndrome requiring immediate delivery.","The patient developed severe preeclampsia with hemolysis, elevated liver enzymes, and low platelet syndrome requiring immediate delivery.","Patients develop severe preeclampsia with hemolysis, elevated liver enzymes, and low platelet count syndrome requiring immediate delivery."
The clinical neurophysiologist perform continuous electroencephalography monitoring for seizure detection in comatose patient.,The clinical neurophysiologist performed continuous electroencephalography monitoring for seizure detection in comatose patient.,The clinical neurophysiologists perform continuous electroencephalography monitoring for seizure detection in comatose patients.
Cytogenetic analysis reveal ring chromosome formation associated with constitutional growth delay and developmental abnormalities.,Cytogenetic analysis revealed ring chromosome formation associated with constitutional growth delay and developmental abnormalities.,"Cytogenetic analyses reveal ring chromosome formation, which is associated with constitutional growth delay and developmental abnormalities."
The family medicine physician coordinate comprehensive diabetes management including insulin pump therapy and continuous glucose monitoring.,The family medicine physician coordinated comprehensive diabetes management including insulin pump therapy and continuous glucose monitoring.,"The family medicine physician coordinates comprehensive diabetes management, including insulin pump therapy and continuous glucose monitoring."
Magnetic resonance venography show cerebral venous sinus thrombosis requiring anticoagulation therapy and intracranial pressure monitoring.,Magnetic resonance venography showed cerebral venous sinus thrombosis requiring anticoagulation therapy and intracranial pressure monitoring.,"Magnetic resonance venography shows cerebral venous sinus thrombosis, which requires anticoagulation therapy and intracranial pressure monitoring."
Patient undergo radiofrequency ablation for hepatocellular carcinoma not suitable for surgical resection or liver transplantation.,The patient underwent radiofrequency ablation for hepatocellular carcinoma not suitable for surgical resection or liver transplantation.,Patients undergo radiofrequency ablation for hepatocellular carcinoma that are not suitable for surgical resection or liver transplantation.
The pediatric intensivist manage severe septic shock with multiple organ dysfunction requiring vasopressor support and renal replacement therapy.,The pediatric intensivist managed severe septic shock with multiple organ dysfunction requiring vasopressor support and renal replacement therapy.,"The pediatric intensivists manage severe septic shock with multiple organ dysfunction, requiring vasopressor support and renal replacement therapy."
Dual-energy X-ray absorptiometry scan show significant bone mineral density loss consistent with glucocorticoid-induced osteoporosis.,Dual-energy X-ray absorptiometry scan showed significant bone mineral density loss consistent with glucocorticoid-induced osteoporosis.,"A dual-energy X-ray absorptiometry scan shows significant bone mineral density loss, which is consistent with glucocorticoid-induced osteoporosis."
The sleep medicine specialist recommend continuous positive airway pressure therapy for severe obstructive sleep apnea syndrome.,The sleep medicine specialist recommended continuous positive airway pressure therapy for severe obstructive sleep apnea syndrome.,The sleep medicine specialists recommend continuous positive airway pressure therapy for severe obstructive sleep apnea syndrome.
Patch testing reveal positive reactions to multiple contact allergens requiring comprehensive avoidance strategies and topical corticosteroids.,Patch testing revealed positive reactions to multiple contact allergens requiring comprehensive avoidance strategies and topical corticosteroids.,"Patch testing reveals positive reactions to multiple contact allergens, requiring comprehensive avoidance strategies and topical corticosteroids."
Patient experience acute hemodynamic compromise following massive transfusion protocol activation for hemorrhagic shock.,The patient experienced acute hemodynamic compromise following massive transfusion protocol activation for hemorrhagic shock.,Patients' experience is acute hemodynamic compromise following the activation of a massive transfusion protocol for hemorrhagic shock.
The interventional pulmonologist perform endobronchial ultrasound-guided transbronchial needle aspiration for mediastinal lymph node sampling.,The interventional pulmonologist performed endobronchial ultrasound-guided transbronchial needle aspiration for mediastinal lymph node sampling.,The interventional pulmonologists perform endobronchial ultrasound-guided transbronchial needle aspirations for mediastinal lymph node sampling.
Pharmacogenomic testing show CYP2D6 poor metabolizer status affecting codeine metabolism and analgesic efficacy.,Pharmacogenomic testing showed CYP2D6 poor metabolizer status affecting codeine metabolism and analgesic efficacy.,Pharmacogenomic testing shows that a CYP2D6 poor metabolizer status affects codeine metabolism and analgesic efficacy.
The pediatric rheumatologist diagnose juvenile idiopathic arthritis with systemic features requiring methotrexate and biologic therapy.,The pediatric rheumatologist diagnosed juvenile idiopathic arthritis with systemic features requiring methotrexate and biologic therapy.,The pediatric rheumatologist diagnoses juvenile idiopathic arthritis with systemic features requiring methotrexate and biologic therapy.
Cerebral angiography demonstrate fusiform aneurysm of the basilar artery requiring flow diverter stent placement.,Cerebral angiography demonstrated fusiform aneurysm of the basilar artery requiring flow diverter stent placement.,"Cerebral angiography demonstrates a fusiform aneurysm of the basilar artery, which requires flow diverter stent placement."
Patient develop acquired thrombotic thrombocytopenic purpura requiring plasma exchange therapy and immunosuppressive treatment.,The patient developed acquired thrombotic thrombocytopenic purpura requiring plasma exchange therapy and immunosuppressive treatment.,"Patients develop acquired thrombotic thrombocytopenic purpura, requiring plasma exchange therapy and immunosuppressive treatment."
The maternal-fetal medicine specialist perform percutaneous umbilical blood sampling for fetal anemia evaluation and intrauterine transfusion.,The maternal-fetal medicine specialist performed percutaneous umbilical blood sampling for fetal anemia evaluation and intrauterine transfusion.,The maternal-fetal medicine specialists perform percutaneous umbilical blood sampling for fetal anemia evaluation and intrauterine transfusion.
Gallium-67 scintigraphy show increased uptake in pulmonary parenchyma consistent with active inflammation and sarcoidosis.,Gallium-67 scintigraphy showed increased uptake in pulmonary parenchyma consistent with active inflammation and sarcoidosis.,"Gallium-67 scintigraphy shows increased uptake in pulmonary parenchyma, consistent with active inflammation and sarcoidosis."
The emergency physician manage acute acetaminophen overdose with N-acetylcysteine administration and hepatic function monitoring.,The emergency physician managed acute acetaminophen overdose with N-acetylcysteine administration and hepatic function monitoring.,The emergency physicians manage acute acetaminophen overdoses with N-acetylcysteine administration and hepatic function monitoring.
Chromoendoscopy examination reveal subtle mucosal changes consistent with early colorectal neoplasia requiring endoscopic resection.,Chromoendoscopy examination revealed subtle mucosal changes consistent with early colorectal neoplasia requiring endoscopic resection.,"Chromoendoscopy examinations reveal subtle mucosal changes that are consistent with early colorectal neoplasia, which requires endoscopic resection."
Patient undergo implantable cardioverter-defibrillator placement for primary prevention of sudden cardiac death in ischemic cardiomyopathy.,The patient underwent implantable cardioverter-defibrillator placement for primary prevention of sudden cardiac death in ischemic cardiomyopathy.,The patient undergoes implantable cardioverter-defibrillator placement for the primary prevention of sudden cardiac death in ischemic cardiomyopathy.
The pediatric dermatologist diagnose epidermolysis bullosa with dystrophic features requiring specialized wound care management.,The pediatric dermatologist diagnosed epidermolysis bullosa with dystrophic features requiring specialized wound care management.,The pediatric dermatologist diagnoses epidermolysis bullosa with dystrophic features requiring specialized wound care management.
Lymphoscintigraphy demonstrate sentinel lymph node drainage patterns for melanoma staging and surgical planning.,Lymphoscintigraphy demonstrated sentinel lymph node drainage patterns for melanoma staging and surgical planning.,Lymphoscintigraphy demonstrates sentinel lymph node drainage patterns for melanoma staging and surgical planning
The clinical immunologist evaluate primary immunodeficiency syndrome with recurrent sinopulmonary infections and hypogammaglobulinemia.,The clinical immunologist evaluated primary immunodeficiency syndrome with recurrent sinopulmonary infections and hypogammaglobulinemia.,The clinical immunologists evaluate primary immunodeficiency syndrome with recurrent sinusopulmonary infections and hypogammaglobulinemia.
Intraoperative transesophageal echocardiography show successful repair of mitral valve regurgitation with competent leaflet coaptation.,Intraoperative transesophageal echocardiography showed successful repair of mitral valve regurgitation with competent leaflet coaptation.,Intraoperative transesophageal echocardiography shows successful repair of mitral valve regurgitation with competent leaflet coaptation.
Patient develop refeeding syndrome following nutritional rehabilitation for severe anorexia nervosa with electrolyte abnormalities.,The patient developed refeeding syndrome following nutritional rehabilitation for severe anorexia nervosa with electrolyte abnormalities.,Patients who develop refeeding syndrome do so following nutritional rehabilitation for severe anorexia nervosa with electrolyte abnormalities.
